epoch,iou_score,loss,val_iou_score,val_loss
0,0.7918566,0.3274973891999933,0.7112156748771667,0.8539575934410095
